{
  "modelVersion": "feature-v1",
  "trainedAt": "2026-07-20T22:13:21.918Z",
  "featureNames": [
    "eloDiff",
    "heightDiff",
    "reachDiff",
    "ageDiff",
    "slpmDiff",
    "sapmDiff",
    "tdAvgDiff",
    "tdDefDiff",
    "streakDiff",
    "daysSinceLastFightDiff",
    "recentOpponentQualityDiff",
    "stanceMatchup"
  ],
  "weights": [
    0.1549051295122989,
    0.016360923171392944,
    0.061564090365160654,
    -0.3050996825064392,
    0.13862876700033192,
    -0.16923672295759587,
    0.11605881906791685,
    0.02310318444439601,
    0.1296305604461458,
    -0.036816033653904304,
    0.20788696675454663,
    0.07061565346483523
  ],
  "intercept": -3.3240960982047813e-18,
  "normalization": {
    "mean": [
      0,
      0,
      0,
      0,
      0,
      0,
      0,
      0,
      0,
      0,
      0,
      0
    ],
    "std": [
      48.10759370807841,
      6.561174953545568,
      7.678555306706295,
      5.244991027486657,
      2.652023765738732,
      2.413814051117462,
      2.5845028980605544,
      0.314707885934786,
      2.2597461121000633,
      283.03864198369916,
      39.97062496680085,
      0.5341585411913695
    ]
  },
  "defaults": {
    "SLPM_DEFAULT": 3.5,
    "SAPM_DEFAULT": 3.5,
    "TD_AVG_DEFAULT": 1.5,
    "TD_DEF_DEFAULT": 0.6,
    "DAYS_SINCE_DEFAULT": 180
  },
  "trainCount": 14692,
  "testCount": 2594,
  "backtest": {
    "eloOnly": {
      "accuracy": 0.5458750963762529,
      "brier": 0.24617211201195802
    },
    "featureOnly": {
      "accuracy": 0.6222050886661527,
      "brier": 0.22612869385694093
    },
    "blended": {
      "accuracy": 0.612952968388589,
      "brier": 0.23104095563325988
    }
  }
}